{"record": ["HETATM", "HETATM", "HETATM", "HETATM", "HETATM", "HETATM", "HETATM", "HETATM", "HETATM", "HETATM", "HETATM", "HETATM", "HETATM", "HETATM", "HETATM", "HETATM", "HETATM", "HETATM", "HETATM", "HETATM", "HETATM", "HETATM", "HETATM", "HETATM", "HETATM", "HETATM", "HETATM", "HETATM", "HETATM", "HETATM", "HETATM", "HETATM"], "serial": [0, 1, 2, 3, 4, 5, 6, 7, 8, 9, 10, 11, 12, 13, 14, 15, 16, 17, 18, 19, 20, 21, 22, 23, 24, 25, 26, 27, 28, 29, 30, 31], "name": ["C1", "C2", "C3", "C4", "C5", "C6", "Cl1", "C7", "O1", "N1", "C8", "C9", "C10", "N2", "C11", "C12", "N3", "C13", "O2", "C14", "Cl2", "H1", "H2", "H3", "H4", "H5", "H6", "H7", "H8", "H9", "H10", "H11"], "altloc": ["", "", "", "", "", "", "", "", "", "", "", "", "", "", "", "", "", "", "", "", "", "", "", "", "", "", "", "", "", "", "", ""], "resname": ["E31", "E31", "E31", "E31", "E31", "E31", "E31", "E31", "E31", "E31", "E31", "E31", "E31", "E31", "E31", "E31", "E31", "E31", "E31", "E31", "E31", "E31", "E31", "E31", "E31", "E31", "E31", "E31", "E31", "E31", "E31", "E31"], "chain": ["", "", "", "", "", "", "", "", "", "", "", "", "", "", "", "", "", "", "", "", "", "", "", "", "", "", "", "", "", "", "", ""], "resid": [1, 1, 1, 1, 1, 1, 1, 1, 1, 1, 1, 1, 1, 1, 1, 1, 1, 1, 1, 1, 1, 1, 1, 1, 1, 1, 1, 1, 1, 1, 1, 1], "insertion": ["", "", "", "", "", "", "", "", "", "", "", "", "", "", "", "", "", "", "", "", "", "", "", "", "", "", "", "", "", "", "", ""], "occupancy": [0.0, 0.0, 0.0, 0.0, 0.0, 0.0, 0.0, 0.0, 0.0, 0.0, 0.0, 0.0, 0.0, 0.0, 0.0, 0.0, 0.0, 0.0, 0.0, 0.0, 0.0, 0.0, 0.0, 0.0, 0.0, 0.0, 0.0, 0.0, 0.0, 0.0, 0.0, 0.0], "beta": [0.0, 0.0, 0.0, 0.0, 0.0, 0.0, 0.0, 0.0, 0.0, 0.0, 0.0, 0.0, 0.0, 0.0, 0.0, 0.0, 0.0, 0.0, 0.0, 0.0, 0.0, 0.0, 0.0, 0.0, 0.0, 0.0, 0.0, 0.0, 0.0, 0.0, 0.0, 0.0], "segid": ["L", "L", "L", "L", "L", "L", "L", "L", "L", "L", "L", "L", "L", "L", "L", "L", "L", "L", "L", "L", "L", "L", "L", "L", "L", "L", "L", "L", "L", "L", "L", "L"], "element": ["C", "C", "C", "C", "C", "C", "Cl", "C", "O", "N", "C", "C", "C", "N", "C", "C", "N", "C", "O", "C", "Cl", "H", "H", "H", "H", "H", "H", "H", "H", "H", "H", "H"], "charge": [-0.09600000083446503, -0.1289999932050705, 0.052400000393390656, -0.1436000019311905, 0.052400000393390656, -0.1289999932050705, -0.06040000170469284, 0.6916999816894531, -0.5501000285148621, -0.460099995136261, 0.12759999930858612, -0.3043000102043152, 0.44519999623298645, -0.7379999756813049, 0.5511999726295471, -0.32330000400543213, -0.5533999800682068, 0.6711000204086304, -0.5931000113487244, -0.17810000479221344, -0.06040000170469284, 0.07103300094604492, 0.14800000190734863, 0.15700000524520874, 0.15700000524520874, 0.3305000066757202, 0.18299999833106995, 0.025100000202655792, 0.18000000715255737, 0.33149999380111694, 0.07103300094604492, 0.07103300094604492], "masses": [12.010000228881836, 12.010000228881836, 12.010000228881836, 12.010000228881836, 12.010000228881836, 12.010000228881836, 35.45000076293945, 12.010000228881836, 16.0, 14.010000228881836, 12.010000228881836, 12.010000228881836, 12.010000228881836, 14.010000228881836, 12.010000228881836, 12.010000228881836, 14.010000228881836, 12.010000228881836, 16.0, 12.010000228881836, 35.45000076293945, 1.0080000162124634, 1.0080000162124634, 1.0080000162124634, 1.0080000162124634, 1.0080000162124634, 1.0080000162124634, 1.0080000162124634, 1.0080000162124634, 1.0080000162124634, 1.0080000162124634, 1.0080000162124634], "atomtype": ["ca", "ca", "ca", "ca", "ca", "ca", "cl", "c", "o", "ns", "ca", "ca", "ca", "nb", "ca", "ca", "ns", "c", "o", "c3", "cl", "hc", "ha", "ha", "ha", "hn", "ha", "h4", "ha", "hn", "hc", "hc"], "formalcharge": [0, 0, 0, 0, 0, 0, 0, 0, 0, 0, 0, 0, 0, 0, 0, 0, 0, 0, 0, 0, 0, 0, 0, 0, 0, 0, 0, 0, 0, 0, 0, 0], "coords": [[[-1.9775927066802979], [21.527563095092773], [-27.288572311401367]], [[-1.3079502582550049], [22.434898376464844], [-28.124061584472656]], [[-1.9507019519805908], [22.952341079711914], [-29.261083602905273]], [[-3.2701947689056396], [22.563013076782227], [-29.569881439208984]], [[-3.9372568130493164], [21.65186309814453], [-28.725797653198242]], [[-3.2916884422302246], [21.137004852294922], [-27.589170455932617]], [[-5.584014415740967], [21.151031494140625], [-29.070640563964844]], [[-3.9570250511169434], [23.111730575561523], [-30.781129837036133]], [[-3.9126181602478027], [22.536617279052734], [-31.853551864624023]], [[-4.616790771484375], [24.314716339111328], [-30.5714111328125]], [[-5.37969446182251], [25.09527587890625], [-31.48762321472168]], [[-5.9877424240112305], [24.55426788330078], [-32.63525390625]], [[-6.742016315460205], [25.40216064453125], [-33.45928192138672]], [[-6.915154933929443], [26.712936401367188], [-33.201324462890625]], [[-6.341063022613525], [27.25586700439453], [-32.108070373535156]], [[-5.577029705047607], [26.461322784423828], [-31.222003936767578]], [[-6.538999557495117], [28.631885528564453], [-31.820833206176758]], [[-5.653923988342285], [29.53278350830078], [-31.248912811279297]], [[-4.52731466293335], [29.238298416137695], [-30.892431259155273]], [[-6.2018537521362305], [30.951040267944336], [-31.113697052001953]], [[-1.087993860244751], [24.088407516479492], [-30.283864974975586]], [[-7.1199235916137695], [30.943378448486328], [-30.513200759887695]], [[-1.4792929887771606], [21.12830352783203], [-26.409460067749023]], [[-0.29082974791526794], [22.73703956604004], [-27.889995574951172]], [[-3.809652328491211], [20.435806274414062], [-26.940629959106445]], [[-4.530884265899658], [24.713397979736328], [-29.64516830444336]], [[-5.907563209533691], [23.50210952758789], [-32.88526916503906]], [[-7.232212066650391], [25.0177059173584], [-34.35283279418945]], [[-5.146689414978027], [26.89181900024414], [-30.323759078979492]], [[-7.424186706542969], [29.003192901611328], [-32.140464782714844]], [[-6.435487747192383], [31.357036590576172], [-32.10567855834961]], [[-5.464058876037598], [31.60137939453125], [-30.627246856689453]]], "box": [[0.0], [0.0], [0.0]], "boxangles": [[0.0], [0.0], [0.0]], "fileloc": [["run_19_12_2024_10_56_54f5f443/ejm_31.sdf", 0]], "step": [0], "time": [0.0], "bonds": [[0, 1], [0, 5], [0, 22], [1, 2], [1, 23], [2, 3], [2, 20], [3, 4], [3, 7], [4, 5], [4, 6], [5, 24], [7, 8], [7, 9], [9, 10], [9, 25], [10, 11], [10, 15], [11, 12], [11, 26], [12, 13], [12, 27], [13, 14], [14, 15], [14, 16], [15, 28], [16, 17], [16, 29], [17, 18], [17, 19], [19, 21], [19, 30], [19, 31]], "bondtype": ["1", "2", "1", "2", "1", "1", "1", "2", "1", "1", "1", "1", "2", "1", "1", "1", "1", "2", "2", "1", "1", "1", "2", "1", "1", "1", "1", "1", "2", "1", "1", "1", "1"], "angles": [[0, 1, 2], [0, 1, 23], [0, 5, 4], [0, 5, 24], [1, 0, 5], [1, 0, 22], [1, 2, 3], [1, 2, 20], [2, 1, 23], [2, 3, 4], [2, 3, 7], [3, 2, 20], [3, 4, 5], [3, 4, 6], [3, 7, 8], [3, 7, 9], [4, 3, 7], [4, 5, 24], [5, 0, 22], [5, 4, 6], [7, 9, 10], [7, 9, 25], [8, 7, 9], [9, 10, 11], [9, 10, 15], [10, 9, 25], [10, 11, 12], [10, 11, 26], [10, 15, 14], [10, 15, 28], [11, 10, 15], [11, 12, 13], [11, 12, 27], [12, 11, 26], [12, 13, 14], [13, 12, 27], [13, 14, 15], [13, 14, 16], [14, 15, 28], [14, 16, 17], [14, 16, 29], [15, 14, 16], [16, 17, 18], [16, 17, 19], [17, 16, 29], [17, 19, 21], [17, 19, 30], [17, 19, 31], [18, 17, 19], [21, 19, 30], [21, 19, 31], [30, 19, 31]],